date,NO2_Density
2022-01-01,5.473670535140626E-5
2022-01-07,1.8031647050738792E-5
2022-01-09,2.217736551705808E-5
2022-01-12,8.896903148782279E-5
2022-01-15,2.6314673959868388E-5
2022-01-16,5.551966384923552E-5
2022-01-18,4.409077882884603E-5
2022-01-19,2.6339500402790778E-5
2022-01-20,2.1099423975108682E-5
2022-01-22,4.835089202971872E-5
2022-01-23,8.130207852587457E-5
2022-01-24,1.143253539340019E-4
2022-01-27,3.204748645658738E-5
2022-01-28,8.932951459431263E-5
2022-01-30,2.817903572254968E-5
2022-02-01,2.812003062446997E-5
2022-02-02,1.0626690345819845E-4
2022-02-03,7.602536397943294E-5
2022-02-04,1.3555546725042475E-4
2022-02-05,8.699775207790642E-5
2022-02-08,2.979429653107163E-5
2022-02-09,3.6944456055835285E-5
2022-02-12,4.2300787754370915E-5
2022-02-14,1.8525281417576182E-5
2022-02-16,1.2811773523932102E-5
2022-02-17,3.891620509027247E-5
2022-02-21,9.608208347347963E-5
2022-02-23,5.41982772119989E-5
2022-02-24,5.52475259367065E-5
2022-02-27,2.054050310108096E-5
2022-02-28,2.766961006273969E-5
2022-03-01,2.6660339353000753E-5
2022-03-05,1.2376699194439093E-5
2022-03-06,2.6879359211315947E-5
2022-03-07,6.143250017003288E-5
2022-03-08,9.339470125272247E-5
2022-03-09,2.314856057197832E-4
2022-03-12,1.2145432992842358E-4
2022-03-14,5.7909219322046876E-5
2022-03-17,4.1629038605620014E-5
2022-03-18,4.863689900959595E-5
2022-03-21,3.8179146716277726E-5
2022-03-22,3.895447298420025E-5
2022-03-27,1.361257745884811E-4
2022-03-28,1.888796273287821E-4
2022-04-01,4.3511451304782286E-5
2022-04-03,4.652796267348176E-5
2022-04-06,5.225297718427017E-5
2022-04-14,2.1992520327670675E-5
2022-04-15,1.1130259736095526E-5
2022-04-17,1.815307405195802E-5
2022-04-23,5.919379428375082E-5
2022-04-24,5.31480072823064E-5
2022-04-28,5.325322916386818E-5
2022-04-29,5.931716939817871E-5
2022-04-30,2.6573889246870595E-5
2022-05-02,5.132680962562403E-5
2022-05-22,1.8843224097515195E-5
2022-05-23,1.3355846022027325E-5
2022-06-08,1.2025986507073314E-5
2022-06-13,1.4282179740068467E-5
2022-06-21,2.6092412866236665E-5
2022-06-25,3.597077162675356E-5
2022-06-27,3.55624550260585E-5
2022-06-28,1.6824316844582557E-5
2022-07-01,3.2842010114120053E-5
2022-07-04,1.0753575952268068E-5
2022-07-08,4.822028859054409E-5
2022-07-09,1.2850749351187515E-5
2022-07-12,3.31731644109933E-5
2022-07-13,5.555435564021563E-6
2022-07-17,2.844335904229446E-5
2022-07-18,6.754826608814681E-5
2022-07-19,9.958483133235529E-5
2022-07-25,8.048160088949717E-5
2022-08-10,2.510530528949835E-5
2022-08-11,1.1948002379534203E-5
2022-08-12,1.4258919691206036E-5
2022-08-13,3.753854616662803E-5
2022-08-14,3.8422127545358334E-5
2022-08-15,8.1616577517734E-5
2022-08-16,3.6508132374429706E-5
2022-08-18,3.161627682858266E-5
2022-08-20,2.2043936041889583E-5
2022-09-11,1.6683252054975693E-5
2022-09-13,1.6073028746182782E-5
2022-09-14,2.4994414456411876E-5
2022-09-15,5.1767263715598655E-5
2022-09-16,7.907422687311653E-5
2022-09-17,3.002078265655089E-5
2022-09-22,1.9381986930972815E-5
2022-09-23,1.353789321001836E-5
2022-09-24,2.4712974952663222E-5
2022-09-25,5.3547468269261624E-5
2022-09-26,6.2223155878281E-5
2022-09-29,2.8716874463824635E-5
2022-10-10,3.896372800228549E-5
2022-10-11,1.4252267948579508E-5
2022-10-26,3.5619035770662784E-5
2022-10-28,1.6796997442730695E-5
2022-11-06,3.180967541994652E-5
2022-11-09,8.620676382179748E-6
2022-11-13,2.983492595377438E-5
2022-11-16,1.3146192941353367E-5
2022-11-17,2.1888027824620488E-5
2022-11-18,2.2853459314630587E-5
2022-11-22,3.429070534315424E-5
2022-11-23,5.4510278368343165E-5
2022-11-24,3.933329571738283E-5
2022-11-28,3.228294316004596E-5
2022-11-29,4.2925723419687394E-5
2022-11-30,4.1952782339663214E-5
2022-12-13,4.1342039925866424E-5
2022-12-15,3.334552367032289E-5
2022-12-16,1.7853264580486684E-5
2022-12-20,1.0614441634974242E-5
2022-12-27,6.12471201592148E-5
2022-12-29,7.07421820231804E-5
2022-12-30,3.65481137123546E-5
2023-01-01,3.351573832334201E-5
2023-01-03,2.307463364559992E-5
2023-01-04,3.295854548924766E-5
2023-01-05,1.7824596793305818E-5
2023-01-09,3.042340562384228E-5
2023-01-10,2.8120235953620668E-5
2023-01-11,4.026524038637463E-5
2023-01-12,1.657334684217914E-5
2023-01-13,1.0058013140227261E-4
2023-01-14,3.717761137523992E-5
2023-01-20,3.062989708270033E-5
2023-01-26,3.257418939029949E-5
2023-01-28,2.279496766278346E-5
2023-02-04,2.464020488736214E-5
2023-02-05,2.146053906470655E-5
2023-02-08,1.7323207430314438E-5
2023-02-15,3.6823122710219904E-5
2023-02-16,5.8908342907690455E-5
2023-02-17,2.413719530206257E-5
2023-02-21,5.495118966793604E-5
2023-02-22,5.3444076911564044E-5
2023-02-26,1.8886400583854717E-5
2023-02-27,2.132852687226259E-5
2023-03-05,1.2092289398428344E-4
2023-03-06,5.3430470870825514E-5
2023-03-07,8.030453277742544E-5
2023-03-08,4.81983915961042E-5
2023-03-14,1.8659741908783704E-4
2023-03-17,5.285309453030941E-5
2023-03-19,4.3799311242779364E-5
2023-03-20,1.259484415641473E-4
2023-03-21,1.0848673402748345E-4
2023-03-22,1.7565157544891262E-4
2023-03-26,8.170063825702313E-5
2023-03-27,5.7336943527818526E-5
2023-03-30,1.5941900967575797E-4
2023-03-31,1.1717819870686326E-4
2023-04-01,1.2375268852342307E-4
2023-04-02,9.4819202786343E-5
2023-04-06,1.369765258817943E-4
2023-04-09,1.1983552394671621E-4
2023-04-10,4.769282895724011E-5
2023-04-11,7.826083658685335E-5
2023-04-12,2.8115608980351983E-4
2023-04-15,5.975777633808726E-5
2023-04-16,8.857480634397378E-5
2023-04-20,7.04311881592737E-5
2023-04-21,3.6333650661663125E-5
2023-04-25,5.7973204093306026E-5
2023-04-26,7.005177030807825E-5
2023-04-28,9.395377413253791E-5
2023-05-02,7.426080173902585E-6
2023-05-04,1.001884507107532E-5
2023-05-13,2.1117776580680012E-5
2023-05-15,4.195635119687297E-5
2023-05-17,5.8534027732210306E-5
2023-05-18,3.775867160665596E-5
2023-05-19,3.498092333729194E-5
2023-05-20,5.8974759855820986E-5
2023-05-22,3.5639670386456615E-5
2023-05-23,5.730894974589528E-5
2023-05-24,2.994400794969248E-5
2023-05-25,5.521641214460193E-5
2023-05-29,8.80139559740493E-5
2023-05-31,7.183240086308273E-5
2023-06-02,3.811240458163767E-5
2023-06-03,3.114031096862321E-5
2023-06-15,3.7101788097041744E-5
2023-06-20,5.1859493396495E-5
2023-06-24,2.8509117328222066E-5
2023-06-28,3.982895941591282E-5
2023-07-06,4.27273625973754E-5
2023-07-18,4.321712185630148E-5
2023-07-20,2.8568580091824E-5
2023-07-21,2.7676682293540677E-5
2023-07-22,3.600761397618718E-5
2023-07-23,2.8593921779814454E-5
2023-07-27,4.1154216887675855E-5
2023-07-30,2.7213051070608194E-5
2023-08-05,7.836393342588838E-5
2023-08-07,6.850619683975767E-5
2023-08-08,3.187985930709296E-5
2023-08-09,5.50510812900212E-5
2023-08-10,2.4745869448476195E-5
2023-08-12,5.231492761824768E-5
2023-08-14,6.414953531932354E-5
2023-08-15,5.295005795067807E-5
2023-08-16,4.8150974180332545E-5
2023-08-17,4.178884470396032E-5
2023-08-19,3.508780834644388E-5
2023-08-21,3.8710959849558695E-5
2023-08-22,7.69564968976409E-5
2023-08-23,1.1319679470038077E-4
2023-08-24,6.932161079606766E-5
2023-08-25,4.784738843327832E-5
2023-08-26,2.6369784314336646E-5
2023-08-27,2.8195134291318297E-5
2023-08-28,4.316219063470084E-5
2023-09-15,1.1507037925188526E-5
2023-09-17,1.3759612604303551E-5
2023-09-20,5.933943975835216E-5
2023-09-23,3.756035948755536E-5
2023-09-24,1.7915470380109165E-5
2023-09-25,4.1627317006250195E-5
2023-10-08,2.2484757209902646E-5
2023-10-13,4.780217204826609E-5
2023-10-14,4.1570518078529116E-5
2023-10-15,1.8270107830182198E-5
2023-10-16,2.9194817225831158E-5
2023-10-20,2.5715661645921415E-5
2023-10-24,2.096276693919904E-5
2023-10-25,4.709952662908401E-5
2023-10-26,3.197619737635783E-5
2023-10-29,4.1441655067994415E-5
2023-10-30,1.7942295016843266E-5
2023-11-04,3.776589073824088E-5
2023-11-05,2.3454874317291058E-5
2023-11-09,3.6998430005054175E-5
2023-11-10,6.643095409198895E-5
2023-11-12,3.4997881781521E-5
2023-11-14,3.6460023693519646E-5
2023-11-15,1.581580134716377E-5
2023-11-16,2.5403986001046432E-5
2023-11-20,2.7689671696871405E-5
2023-11-21,4.256075193877806E-5
2023-11-26,3.786922025029874E-5
2023-11-27,4.7794362480478796E-5
2023-11-29,5.856376672271002E-6
2023-11-30,2.5567758886457782E-5
2023-12-03,1.9374054306198645E-5
2023-12-07,5.7613826275993636E-5
2023-12-13,1.8888718770792132E-5
2023-12-22,3.4237338695686505E-5
2023-12-23,2.625657361932971E-5
2023-12-24,9.351406202240464E-6
2023-12-25,1.3464704352377264E-5
2023-12-27,1.781523496902674E-5
2023-12-30,1.5900463040457733E-5
2024-01-03,1.649785554037046E-5
2024-01-05,1.6673559417710595E-5
2024-01-07,2.9670803996860593E-5
2024-01-12,2.660233352244713E-5
2024-01-13,2.0745439542231522E-5
2024-01-14,8.979550329971316E-6
2024-01-15,1.9934828755747147E-5
2024-01-17,2.5859850211426823E-5
2024-01-18,7.02989636920626E-5
2024-01-21,1.477978457842746E-5
2024-01-22,2.1345018467407314E-5
2024-01-23,2.5706231099329114E-5
2024-01-24,3.4725062939922226E-5
2024-01-25,3.920558810933864E-5
2024-01-26,4.876754878484766E-5
2024-01-28,1.9462544514687677E-5
2024-02-02,1.652790706430645E-5
2024-02-03,4.667331239444258E-5
2024-02-04,1.8868150807017715E-5
2024-02-06,7.586918500983674E-5
2024-02-07,3.645916876849998E-5
2024-02-08,1.3579668955801885E-4
2024-02-09,1.86680699698689E-4
2024-02-10,3.372396167834478E-5
2024-02-11,2.5737725081862117E-5
2024-02-18,4.8241305194112666E-5
2024-02-19,2.0591420506313335E-4
2024-02-20,1.5720232326987894E-4
2024-02-21,1.541168273516271E-4
2024-02-23,7.141380046962338E-5
2024-02-25,8.254956628664344E-5
2024-02-26,1.9146772271291762E-5
2024-02-27,1.6617593015535444E-5
2024-02-29,4.134900154896523E-5
2024-03-01,2.7527885338423717E-5
2024-03-02,2.3208153840888782E-4
2024-03-04,9.936346032194368E-5
2024-03-05,9.279479127147523E-5
2024-03-08,6.969689945635126E-5
2024-03-09,1.5993427950894185E-4
2024-03-10,4.1171711927759166E-5
2024-03-11,1.4338428658867234E-4
2024-03-12,6.58089007994427E-5
2024-03-13,3.585907688831239E-5
2024-03-14,5.606735791600996E-5
2024-03-16,9.128633973890222E-5
2024-03-17,5.106497337694113E-5
2024-03-18,6.798020331191294E-5
2024-03-21,7.616104267074463E-5
2024-03-22,4.6396395352477394E-5
2024-03-25,8.092505595416657E-5
2024-03-26,7.721274945086348E-5
2024-03-27,1.7035358177969304E-4
2024-03-28,4.218736285112337E-5
2024-03-30,7.651855412407527E-5
2024-04-01,5.223557673163585E-5
2024-04-02,2.338931371924313E-4
2024-04-03,1.2746248994075887E-4
2024-04-04,2.1073156312715423E-4
2024-04-06,9.600967314330325E-5
2024-04-07,7.358902174929299E-5
2024-04-09,7.041115168251574E-5
2024-04-10,3.4141037758683953E-5
2024-04-11,3.796456564788412E-5
2024-04-13,8.015039202294182E-5
2024-04-14,3.971891783295587E-5
2024-04-17,9.175821469401263E-5
2024-04-18,4.6507833574288995E-5
2024-04-19,9.931949898603877E-5
2024-04-22,9.71472181845779E-5
2024-04-23,1.2495723785836674E-4
2024-04-24,1.7204508185392371E-4
2024-04-28,9.34122089525552E-5
2024-05-03,3.0051385692796407E-5
2024-05-04,6.743049016224598E-5
2024-05-07,2.946573162062145E-5
2024-05-08,8.931769116318957E-5
2024-05-13,2.1112780814298923E-5
2024-06-04,1.2784355021726396E-5
2024-06-10,1.3759804239388193E-5
2024-06-11,9.393436921660025E-6
2024-06-14,2.3996803065537065E-5
2024-06-16,2.6502610126053404E-5
2024-06-17,2.5467136045107236E-5
2024-06-27,2.2021324184614098E-5
2024-06-28,3.060456219828773E-5
2024-06-29,1.5094125046749026E-5
2024-06-30,1.2160152436994795E-5
2024-07-09,3.7529271951044664E-5
2024-07-10,2.175056876231899E-5
2024-07-14,1.0187742191195613E-5
2024-07-19,1.1081064407124475E-5
2024-07-20,7.137547527238536E-6
2024-07-23,3.7540337001990424E-5
2024-07-24,3.3429278119012644E-5
2024-07-25,4.635777804652838E-5
2024-07-28,2.2002482127109476E-5
2024-07-30,2.058054299414976E-5
2024-07-31,5.316216066888476E-6
2024-08-02,2.2909851395532648E-5
2024-08-04,2.1953805116943856E-5
2024-08-07,3.567142994144254E-5
2024-08-08,2.289762782456324E-5
2024-08-09,1.990968485188866E-5
2024-08-10,4.976279517491231E-5
2024-08-14,5.434956157363043E-5
2024-08-25,3.167202482632947E-5
2024-08-26,2.9117054509707155E-5
2024-08-27,3.3067364711325424E-5
2024-09-05,6.781704087190953E-6
2024-09-09,1.8845971609119833E-5
2024-09-10,3.127427044092785E-5
2024-09-18,3.1882493203749296E-5
2024-09-20,3.738793659026923E-5
2024-09-21,2.0172904730288746E-5
2024-09-26,7.17007787898421E-5
2024-09-29,6.358958597525256E-5
2024-10-01,3.622243054888866E-6
2024-10-02,2.5092606961220264E-5
2024-10-03,2.4065660909408314E-5
2024-10-04,1.7862461390911015E-5
2024-10-16,4.257880573278776E-5
2024-10-17,3.39756358655391E-5
2024-10-18,5.538684854402184E-5
2024-10-24,2.6652410027879076E-5
2024-10-29,2.8179805667614612E-5
2024-10-31,4.527809298181096E-5
2024-11-01,9.14875417948073E-5
2024-11-06,2.3199909264811572E-5
2024-11-07,5.071304622107939E-5
2024-11-09,7.1466365625407075E-6
2024-11-12,4.147400250077694E-5
2024-11-16,4.369459286040493E-5
2024-11-18,9.566791289028666E-5
2024-11-23,9.128462846899569E-6
2024-12-03,1.8413995348970933E-5
2024-12-06,3.9486316381966776E-5
2024-12-09,1.951833998045322E-5
2024-12-10,1.2942576177015078E-5
2024-12-11,1.8610162413780805E-5
2024-12-15,9.387301361133204E-6
2024-12-18,1.917318149936091E-5
2024-12-19,2.1057277990628508E-5
2024-12-23,2.8374408783845888E-5
2024-12-24,1.604944918654461E-5
2024-12-25,1.798302680960035E-5
2024-12-26,5.759409873464486E-7
2025-01-03,1.6349536963394686E-5
2025-01-05,1.7318841354524254E-5
2025-01-06,3.058940074643511E-5
2025-01-07,3.468794602669065E-5
2025-01-08,5.051974221716451E-5
2025-01-10,1.77670026460023E-5
2025-01-17,1.1799072044142585E-5
2025-01-20,2.85520654870292E-5
2025-01-21,1.47816008393469E-5
2025-01-30,1.679734934455753E-5
2025-02-02,1.037498168443907E-5
2025-02-04,3.86579922633374E-5
2025-02-06,2.6997664463133206E-5
2025-02-07,1.848963328701683E-5
2025-02-08,1.2280751434449926E-5
2025-02-09,2.2145330459168946E-5
2025-02-10,7.887170067990956E-5
2025-02-11,2.474146828069636E-5
2025-02-13,2.963653663794243E-5
2025-02-15,4.0339985776628276E-5
2025-02-16,4.1869177948697405E-5
2025-02-17,3.506014279136027E-5
2025-02-20,5.447711931338228E-5
2025-02-21,7.374155393338417E-5
2025-02-22,1.1257388248648957E-4
2025-02-23,3.4439406590547675E-5
2025-02-24,3.997140811408335E-5
2025-03-05,7.43298660381944E-5
2025-03-06,5.312941114245921E-5
2025-03-07,7.047632383777954E-5
2025-03-08,3.3906009734019224E-5
2025-03-09,3.363002242762062E-5
2025-03-13,1.539464756206655E-5
2025-03-14,4.736453774968804E-5
2025-03-20,6.685735570501895E-5
2025-03-21,4.621291736840874E-5
2025-03-22,1.0080478386956822E-4
2025-03-23,3.5773449781129846E-5
2025-03-24,1.1094166984552477E-4
2025-03-25,1.316378514074005E-4
2025-03-26,1.287268310501884E-4
2025-03-27,5.4718104365765596E-5
2025-03-29,2.4643790311537487E-5
2025-03-30,1.9920082195319333E-5
2025-04-12,1.4874241969669523E-5
2025-04-15,1.7747222628756486E-5
2025-04-16,1.452445667383045E-5
2025-04-20,2.3817607143436088E-5
2025-04-26,2.5547295367599002E-5
2025-04-28,2.1215866566428738E-5
2025-05-01,1.5641879144828376E-5
2025-05-02,2.4743798348944472E-5
2025-05-04,2.878437312572946E-5
2025-05-06,2.578180465207826E-5
2025-05-10,2.6084993109917422E-5
2025-05-11,1.9482292900408003E-5
2025-05-18,2.3179480194820342E-5
2025-05-22,3.299697709736579E-5
2025-05-29,7.72181943402409E-6
2025-06-02,2.1467652914005013E-5
2025-06-05,3.286231367384244E-5
2025-06-08,2.3053816725567287E-5
2025-06-09,8.36440481823458E-6
2025-06-15,4.404872999222304E-5
2025-06-18,4.30284380854716E-5
2025-06-24,1.378030585111114E-5
2025-06-27,1.5796860643551464E-5
2025-06-29,2.1907311327303854E-5
2025-06-30,1.0501803203152209E-5
2025-07-01,1.1254378792686522E-5
2025-07-03,1.5678560576132197E-5
2025-07-04,2.0657429241263392E-5
2025-07-05,2.4427266907886335E-5
2025-07-06,1.623450953048262E-5
2025-07-09,2.108053740813166E-5
2025-07-10,1.812734262785545E-5
2025-07-15,2.3770167899791595E-5
2025-07-16,1.932339910127399E-5
2025-07-18,4.5710826270821325E-6
2025-07-28,2.2324087145519447E-5
2025-07-29,1.7611568182479854E-5
2025-07-30,2.825013871189214E-5
2025-08-01,3.384537922103151E-5
2025-08-06,3.58155339199703E-5
2025-08-07,3.3932490623567346E-5
2025-08-10,1.1704836189490727E-5
2025-08-13,2.377488272032559E-5
2025-08-15,2.3631781004959186E-5
2025-08-18,2.2890953914619203E-5
2025-08-19,2.1400521291077726E-5
2025-08-20,1.2067920579287972E-5
2025-08-21,4.366573122649031E-5
2025-08-22,2.6273984985900457E-5
2025-08-24,2.6140753107037697E-5
2025-08-25,3.391526142345163E-5
2025-08-29,3.145537993988136E-5
2025-08-31,1.4625121299463444E-5
2025-09-01,1.3364646292761683E-5
2025-09-02,6.617236067543142E-6
2025-09-04,6.0754714766286805E-6
2025-09-06,1.7383552403777092E-5
2025-09-07,9.763948582989148E-6
2025-09-08,6.204672536116292E-5
2025-09-12,2.9826695372615336E-5
2025-09-13,4.001101115137736E-5
2025-09-21,1.6677127860026386E-5
2025-09-22,1.6944985602403347E-5
2025-09-30,3.660538641271466E-5
2025-10-02,2.0425255570451065E-5
2025-10-03,5.189540024732101E-5
2025-10-08,3.175058736816172E-5
2025-10-09,3.0077894879377015E-5
2025-10-10,1.2573147934042305E-5
2025-10-13,2.6628014893512706E-5
2025-10-30,2.905581223731516E-5
2025-11-09,4.187698505121743E-5
2025-11-11,2.738056537055854E-5
2025-11-14,2.2757138140157905E-5
2025-11-16,2.6474999540481836E-6
2025-11-20,2.3074646378525746E-5
2025-11-30,2.1880381609669703E-5
2025-12-01,2.2537780446427456E-5
2025-12-03,2.45044458570576E-5
2025-12-07,3.4681455872498796E-5
2025-12-08,2.4938908764705452E-5
2025-12-09,1.0409741662446142E-5
2025-12-13,3.0321038138946347E-5
2025-12-15,1.3254618352225262E-5
2025-12-18,2.5412789909759598E-5
2025-12-20,1.759382575983766E-5
2025-12-22,2.0533756205913546E-5
2025-12-23,2.8367411340360795E-5
2025-12-24,3.2056399504664755E-5
2025-12-25,8.762713150648051E-6
2025-12-26,4.5113149099066935E-5
2025-12-28,1.8649721524285262E-5
2025-12-29,2.9163113350584363E-5
2025-12-30,1.4851430023559646E-5
