"DateTime","Average","OSC Sensor 4 A","OSC Sensor 4 B"
"2026-08-19 16:10:00",23,52,2
"2026-08-19 16:20:00",,54,2
"2026-08-19 16:30:00",,58,3
"2026-08-19 16:40:00",,44,1
"2026-08-19 16:50:00",,47,1
"2026-08-19 17:00:00",,46,1
"2026-08-19 17:10:00",,52,2
"2026-08-19 17:20:00",,54,3
"2026-08-19 17:30:00",,58,4
"2026-08-19 17:40:00",,59,5
"2026-08-19 17:50:00",,60,6
"2026-08-19 18:00:00",,56,4
"2026-08-19 18:10:00",,58,4
"2026-08-19 18:20:00",,55,3
"2026-08-19 18:30:00",,56,3
"2026-08-19 18:40:00",,61,6
"2026-08-19 18:50:00",,60,5
"2026-08-19 19:00:00",,56,4
"2026-08-19 19:10:00",,45,1
"2026-08-19 19:20:00",,41,1
"2026-08-19 19:30:00",,52,1
"2026-08-19 19:40:00",,46,2
"2026-08-19 19:50:00",,38,1
"2026-08-19 20:00:00",,38,1
"2026-08-19 20:10:00",,44,1
"2026-08-19 20:20:00",,43,1
"2026-08-19 20:30:00",,49,1
"2026-08-19 20:40:00",,45,2
"2026-08-19 20:50:00",,50,0
"2026-08-19 21:00:00",,44,1
"2026-08-19 21:10:00",,38,1
"2026-08-19 21:20:00",,41,2
"2026-08-19 21:30:00",,47,2
"2026-08-19 21:40:00",,36,0
"2026-08-19 22:00:00",,34,0
"2026-08-19 22:10:00",,32,0
"2026-08-19 22:20:00",,33,0
"2026-08-19 22:30:00",,32,0
"2026-08-19 22:40:00",,34,1
"2026-08-19 22:50:00",,33,0
"2026-08-19 23:10:00",,29,0
"2026-08-19 23:20:00",,28,0
"2026-08-19 23:30:00",,30,0
"2026-08-19 23:40:00",,27,0
"2026-08-19 23:50:00",,17,0
"2026-08-20 00:00:00",,21,0
"2026-08-20 00:10:00",,26,0
"2026-08-20 00:20:00",,23,0
"2026-08-20 00:30:00",,23,0
"2026-08-20 00:40:00",,20,0
"2026-08-20 00:50:00",,22,0
"2026-08-20 01:00:00",,16,0
"2026-08-20 01:10:00",,24,0
"2026-08-20 01:30:00",,21,0
"2026-08-20 01:40:00",,22,1
"2026-08-20 01:50:00",,17,0
"2026-08-20 02:00:00",,24,0
"2026-08-20 02:10:00",,26,0
"2026-08-20 02:20:00",,24,0
"2026-08-20 02:30:00",,23,0
"2026-08-20 02:40:00",,23,0
"2026-08-20 02:50:00",,22,0
"2026-08-20 03:40:00",,26,0
"2026-08-20 03:50:00",,22,0
"2026-08-20 05:20:00",,28,0
"2026-08-20 05:40:00",,22,0
"2026-08-20 05:50:00",,26,0
"2026-08-20 06:00:00",,24,0
"2026-08-20 06:10:00",,26,0
"2026-08-20 06:20:00",,38,1
"2026-08-20 06:30:00",,37,0
"2026-08-20 06:40:00",,36,0
"2026-08-20 06:50:00",,53,3
"2026-08-20 07:00:00",,45,2
"2026-08-20 07:10:00",,47,1
"2026-08-20 07:20:00",,51,4
"2026-08-20 07:30:00",,48,2
"2026-08-20 07:40:00",,41,2
"2026-08-20 07:50:00",,50,2
"2026-08-20 08:00:00",,42,2
"2026-08-20 08:10:00",,41,1
"2026-08-20 08:20:00",,49,2
"2026-08-20 08:30:00",,54,4
"2026-08-20 08:40:00",,53,3
"2026-08-20 08:50:00",,46,3
"2026-08-20 09:00:00",,34,0
"2026-08-20 09:10:00",,34,1
"2026-08-20 09:20:00",,33,0
"2026-08-20 09:30:00",,31,0
"2026-08-20 09:40:00",,52,2
"2026-08-20 09:50:00",,41,1
"2026-08-20 10:00:00",,30,0
"2026-08-20 10:10:00",,31,0
"2026-08-20 10:20:00",,31,0
"2026-08-20 10:30:00",,31,0
"2026-08-20 10:40:00",,58,5
"2026-08-20 10:50:00",,39,1
"2026-08-20 11:00:00",,31,0
"2026-08-20 11:10:00",,37,0
"2026-08-20 11:20:00",,36,0
"2026-08-20 11:30:00",,54,3
"2026-08-20 11:40:00",,52,3
"2026-08-20 11:50:00",,39,0
"2026-08-20 12:00:00",,34,0
"2026-08-20 12:10:00",,38,0
"2026-08-20 12:20:00",,41,1
"2026-08-20 12:30:00",,41,1
"2026-08-20 12:40:00",,38,0
"2026-08-20 12:50:00",,36,0
"2026-08-20 13:00:00",,34,0
"2026-08-20 13:10:00",,29,0
"2026-08-20 13:20:00",,28,0
"2026-08-20 13:30:00",,29,0
"2026-08-20 13:40:00",,44,1
"2026-08-20 13:50:00",,34,0
"2026-08-20 14:00:00",,29,0
"2026-08-20 14:10:00",,28,0
"2026-08-20 14:20:00",,35,0
"2026-08-20 14:30:00",,40,0
"2026-08-20 14:40:00",,34,0
"2026-08-20 14:50:00",,43,1
"2026-08-20 15:00:00",,41,1
"2026-08-20 15:10:00",,36,0
"2026-08-20 15:20:00",,36,1
"2026-08-20 15:30:00",,42,1
"2026-08-20 15:40:00",,52,2
"2026-08-20 15:50:00",,52,1
"2026-08-20 16:00:00",,41,1
"2026-08-20 16:10:00",,38,0
"2026-08-20 16:20:00",,54,3
"2026-08-20 16:30:00",,48,1
"2026-08-20 16:40:00",,49,2
"2026-08-20 16:50:00",,49,1
"2026-08-20 17:00:00",,47,1
"2026-08-20 17:10:00",,48,1
"2026-08-20 17:20:00",,39,1
"2026-08-20 17:40:00",,47,1
"2026-08-20 17:50:00",,53,2
"2026-08-20 18:00:00",,51,3
"2026-08-20 18:10:00",,58,5
"2026-08-20 18:20:00",,58,6
"2026-08-20 18:30:00",,64,7
"2026-08-20 18:40:00",,60,7
"2026-08-20 18:50:00",,64,9
"2026-08-20 19:00:00",,70,10
"2026-08-20 19:10:00",,64,8
"2026-08-20 19:20:00",,60,6
"2026-08-20 19:30:00",,49,3
"2026-08-20 19:40:00",,53,4
"2026-08-20 19:50:00",,55,4
"2026-08-20 20:00:00",,52,4
"2026-08-20 20:10:00",,46,2
"2026-08-20 20:20:00",,51,3
"2026-08-20 20:30:00",,44,2
"2026-08-20 20:40:00",,46,2
"2026-08-20 20:50:00",,47,1
"2026-08-20 21:00:00",,48,3
"2026-08-20 21:10:00",,41,2
"2026-08-20 21:20:00",,47,2
"2026-08-20 21:30:00",,43,2
"2026-08-20 21:40:00",,41,1
"2026-08-20 21:50:00",,48,2
"2026-08-20 22:00:00",,49,1
"2026-08-20 22:10:00",,43,1
"2026-08-20 22:20:00",,42,1
"2026-08-20 22:30:00",,41,2
"2026-08-20 22:40:00",,37,1
"2026-08-20 22:50:00",,36,1
"2026-08-20 23:00:00",,33,1
"2026-08-20 23:10:00",,32,0
"2026-08-20 23:20:00",,33,0
"2026-08-20 23:30:00",,34,1
"2026-08-20 23:40:00",,34,0
"2026-08-20 23:50:00",,31,0
"2026-08-21 00:00:00",,33,0
"2026-08-21 00:10:00",,29,0
"2026-08-21 00:20:00",,28,0
"2026-08-21 00:30:00",,29,0
"2026-08-21 00:40:00",,32,1
"2026-08-21 00:50:00",,30,0
"2026-08-21 01:00:00",,27,0
"2026-08-21 01:10:00",,29,0
"2026-08-21 01:20:00",,26,0
"2026-08-21 01:30:00",,28,0
"2026-08-21 01:40:00",,35,1
"2026-08-21 01:50:00",,34,0
"2026-08-21 02:00:00",,29,0
"2026-08-21 02:10:00",,32,0
"2026-08-21 02:20:00",,31,0
"2026-08-21 02:30:00",,28,0
"2026-08-21 02:40:00",,30,0
"2026-08-21 02:50:00",,28,0
"2026-08-21 03:00:00",,28,0
"2026-08-21 03:10:00",,29,0
"2026-08-21 03:20:00",,27,0
"2026-08-21 03:30:00",,26,0
"2026-08-21 03:40:00",,28,0
"2026-08-21 03:50:00",,30,0
"2026-08-21 04:00:00",,27,0
"2026-08-21 04:10:00",,26,0
"2026-08-21 04:20:00",,27,0
"2026-08-21 04:30:00",,27,0
"2026-08-21 04:40:00",,26,0
"2026-08-21 04:50:00",,34,0
"2026-08-21 05:00:00",,29,0
"2026-08-21 05:10:00",,30,0
"2026-08-21 05:20:00",,26,0
"2026-08-21 05:30:00",,32,0
"2026-08-21 05:40:00",,41,1
"2026-08-21 05:50:00",,43,1
"2026-08-21 06:00:00",,47,2
"2026-08-21 06:10:00",,52,3
"2026-08-21 06:20:00",,46,2
"2026-08-21 06:30:00",,46,3
"2026-08-21 06:40:00",,54,4
"2026-08-21 06:50:00",,51,4
"2026-08-21 07:00:00",,45,2
"2026-08-21 07:10:00",,48,2
"2026-08-21 07:20:00",,37,1
"2026-08-21 07:30:00",,40,1
"2026-08-21 07:40:00",,38,1
"2026-08-21 07:50:00",,48,2
"2026-08-21 08:00:00",,51,2
"2026-08-21 08:10:00",,44,2
"2026-08-21 08:20:00",,50,2
"2026-08-21 08:30:00",,51,1
"2026-08-21 08:40:00",,33,0
"2026-08-21 08:50:00",,39,1
"2026-08-21 09:00:00",,39,1
"2026-08-21 09:10:00",,35,0
"2026-08-21 09:20:00",,33,0
"2026-08-21 09:30:00",,36,0
"2026-08-21 09:40:00",,45,1
"2026-08-21 09:50:00",,43,1
"2026-08-21 10:00:00",,46,1
"2026-08-21 10:10:00",,44,1
"2026-08-21 10:20:00",,37,0
"2026-08-21 10:30:00",,37,0
"2026-08-21 10:40:00",,37,0
"2026-08-21 10:50:00",,37,0
"2026-08-21 11:00:00",,35,0
"2026-08-21 11:10:00",,38,0
"2026-08-21 11:20:00",,40,0
"2026-08-21 11:30:00",,41,1
"2026-08-21 11:40:00",,52,2
"2026-08-21 11:50:00",,43,1
"2026-08-21 12:00:00",,51,2
"2026-08-21 12:10:00",,37,0
"2026-08-21 12:20:00",,47,1
"2026-08-21 12:30:00",,37,0
"2026-08-21 12:40:00",,35,0
"2026-08-21 12:50:00",,41,1
"2026-08-21 13:00:00",,38,0
"2026-08-21 13:10:00",,42,1
"2026-08-21 13:20:00",,52,2
"2026-08-21 13:30:00",,53,2
"2026-08-21 13:40:00",,56,2
"2026-08-21 13:50:00",,37,0
"2026-08-21 14:00:00",,58,4
"2026-08-21 14:10:00",,55,3
"2026-08-21 14:20:00",,61,4
"2026-08-21 14:30:00",,64,7
"2026-08-21 14:40:00",,65,7
"2026-08-21 14:50:00",,62,7
"2026-08-21 15:00:00",,61,5
"2026-08-21 15:10:00",,54,3
"2026-08-21 15:20:00",,52,2
"2026-08-21 15:30:00",,53,3
"2026-08-21 15:40:00",,53,2
"2026-08-21 15:50:00",,63,7
"2026-08-21 16:00:00",,54,3
"2026-08-21 16:10:00",,43,1
"2026-08-21 16:20:00",,48,1
"2026-08-21 16:30:00",,52,2
"2026-08-21 16:40:00",,54,3
"2026-08-21 16:50:00",,51,2
"2026-08-21 17:00:00",,61,6
"2026-08-21 17:10:00",,57,4
"2026-08-21 17:20:00",,59,5
"2026-08-21 17:30:00",,56,4
"2026-08-21 17:40:00",,60,5
"2026-08-21 17:50:00",,55,4
"2026-08-21 18:00:00",,53,3
"2026-08-21 18:10:00",,56,4
"2026-08-21 18:20:00",,56,4
"2026-08-21 18:30:00",,55,4
"2026-08-21 18:40:00",,64,8
"2026-08-21 18:50:00",,68,10
"2026-08-21 19:00:00",,67,9
"2026-08-21 19:10:00",,63,8
"2026-08-21 19:20:00",,61,7
"2026-08-21 19:30:00",,61,6
"2026-08-21 19:40:00",,58,6
"2026-08-21 19:50:00",,55,4
"2026-08-21 20:00:00",,48,2
"2026-08-21 20:10:00",,54,3
"2026-08-21 20:20:00",,52,3
"2026-08-21 20:30:00",,55,4
"2026-08-21 20:40:00",,55,4
"2026-08-21 20:50:00",,55,4
"2026-08-21 21:00:00",,57,5
"2026-08-21 21:10:00",,56,5
"2026-08-21 21:20:00",,51,3
"2026-08-21 21:30:00",,53,4
"2026-08-21 21:40:00",,53,4
"2026-08-21 21:50:00",,54,5
"2026-08-21 22:00:00",,48,4
"2026-08-21 22:10:00",,52,2
"2026-08-21 22:20:00",,42,1
"2026-08-21 22:30:00",,49,2
"2026-08-21 22:40:00",,48,2
"2026-08-21 22:50:00",,42,2
"2026-08-21 23:00:00",,40,2
"2026-08-21 23:10:00",,51,3
"2026-08-21 23:20:00",,46,3
"2026-08-21 23:30:00",,42,2
"2026-08-21 23:40:00",,42,2
"2026-08-21 23:50:00",,38,1
"2026-08-22 00:00:00",,49,3
"2026-08-22 00:10:00",,47,3
"2026-08-22 00:20:00",,41,2
"2026-08-22 00:30:00",,52,3
"2026-08-22 00:40:00",,52,4
"2026-08-22 00:50:00",,44,4
"2026-08-22 01:00:00",,58,5
"2026-08-22 01:10:00",,60,5
"2026-08-22 01:30:00",,46,3
"2026-08-22 01:40:00",,46,2
"2026-08-22 01:50:00",,42,2
"2026-08-22 02:00:00",,41,3
"2026-08-22 02:10:00",,43,1
"2026-08-22 02:20:00",,43,3
"2026-08-22 03:30:00",,48,3
"2026-08-22 03:40:00",,46,2
"2026-08-22 03:50:00",,40,1
"2026-08-22 04:00:00",,42,1
"2026-08-22 04:10:00",,44,2
"2026-08-22 04:20:00",,42,3
"2026-08-22 04:30:00",,46,2
"2026-08-22 04:40:00",,47,1
"2026-08-22 04:50:00",,47,2
"2026-08-22 05:00:00",,41,2
"2026-08-22 05:10:00",,45,2
"2026-08-22 05:20:00",,47,3
"2026-08-22 05:30:00",,50,3
"2026-08-22 05:40:00",,46,3
"2026-08-22 05:50:00",,44,3
"2026-08-22 06:00:00",,53,4
"2026-08-22 06:10:00",,53,4
"2026-08-22 07:10:00",,51,4
"2026-08-22 07:20:00",,56,4
"2026-08-22 07:30:00",,56,5
"2026-08-22 07:40:00",,56,6
"2026-08-22 07:50:00",,52,4
"2026-08-22 08:00:00",,53,4
"2026-08-22 08:10:00",,53,3
"2026-08-22 08:20:00",,56,4
"2026-08-22 08:30:00",,60,6
"2026-08-22 08:40:00",,61,7
"2026-08-22 08:50:00",,52,4
"2026-08-22 09:00:00",,57,4
"2026-08-22 09:10:00",,55,3
"2026-08-22 09:20:00",,67,9
"2026-08-22 09:30:00",,52,3
"2026-08-22 09:40:00",,52,3
"2026-08-22 09:50:00",,50,2
"2026-08-22 10:00:00",,48,2
"2026-08-22 10:10:00",,52,2
"2026-08-22 10:20:00",,52,2
"2026-08-22 10:30:00",,54,2
"2026-08-22 10:40:00",,51,3
"2026-08-22 10:50:00",,58,5
"2026-08-22 11:00:00",,66,10
"2026-08-22 11:10:00",,57,4
"2026-08-22 11:20:00",,53,3
"2026-08-22 11:30:00",,48,2
"2026-08-22 11:40:00",,50,2
"2026-08-22 11:50:00",,60,5
"2026-08-22 12:00:00",,55,3
"2026-08-22 12:10:00",,47,1
"2026-08-22 12:20:00",,52,2
"2026-08-22 12:30:00",,53,2
"2026-08-22 12:40:00",,48,2
"2026-08-22 12:50:00",,53,2
"2026-08-22 13:00:00",,42,0
"2026-08-22 13:20:00",,46,1
"2026-08-22 13:30:00",,46,1
"2026-08-22 13:40:00",,46,1
"2026-08-22 13:50:00",,50,2
"2026-08-22 14:00:00",,42,1
"2026-08-22 14:10:00",,50,2
"2026-08-22 14:20:00",,42,1
"2026-08-22 14:30:00",,49,1
"2026-08-22 14:40:00",,52,3
"2026-08-22 14:50:00",,40,1
"2026-08-22 15:00:00",,47,2
"2026-08-22 15:10:00",,51,2
"2026-08-22 15:20:00",,52,2
"2026-08-22 15:30:00",,42,1
"2026-08-22 15:40:00",,53,2
"2026-08-22 15:50:00",,53,2
"2026-08-22 16:00:00",23,57,4